<?xml version="1.0" encoding="UTF-8" standalone="yes"?>
<manifest>
  <control namespace="DTS" constructor="DTSIFrameSandbox" version="1.0.0" display-name-key="DTSIFrameSandbox" description-key="DTS Power Apps Custom Framework component to add an sandboxed IFrame to Apps. Style, src and srcdoc are parameterized." control-type="standard" api-version="1.3.0">
    <property name="iframestyles" display-name-key="IFrame Styles" description-key="CSS description of #wrap and #frame placed DOMPurified between style tags in the component" of-type="SingleLine.Text" usage="bound" required="true"/>
    <property name="iframesrc" display-name-key="IFrame src" description-key="Optional URL for the iFrame sandbox tag" of-type="SingleLine.Text" usage="bound" required="false"/>
    <property name="iframesrcdoc" display-name-key="IFrame srcdoc" description-key="Optional content for the iFrame sandbox tag." of-type="SingleLine.Text" usage="bound" required="false"/>
    <resources>
      <code path="bundle.js" order="1"/>
    </resources>
    <built-by name="pac" version="1.6.6"/>
  </control>
</manifest>